URL,Institution,Conference,Attend,S,MP,Kills,Errors,Total Attacks,Hit Pct,Assists,Aces,SErr,Digs,RErr,Block Solos,Block Assists,BErr,PTS,BHE
http://stats.ncaa.org/team/26172/14242,A&M-Corpus Christi,Southland,,111,,"1,365",616,"3,968",0.189,"1,275",131,241,"1,671",160,19,229,19,"1,629.50",36
http://stats.ncaa.org/team/2/14242,Abilene Christian,Southland,,118,,"1,428",622,"4,293",0.188,"1,319",130,174,"1,808",161,30,490,31,"1,833.00",12
http://stats.ncaa.org/team/721/14242,Air Force,Mountain West,,128,,"1,627",721,"4,455",0.203,"1,547",182,340,"1,895",137,46,418,53,"2,064.00",44
http://stats.ncaa.org/team/5/14242,Akron,MAC,,103,,"1,280",549,"3,650",0.2,"1,191",145,218,"1,449",150,23,266,25,"1,581.00",41
http://stats.ncaa.org/team/8/14242,Alabama,SEC,,116,,"1,504",588,"4,192",0.219,"1,403",148,212,"1,864",109,84,365,54,"1,918.50",47
http://stats.ncaa.org/team/6/14242,Alabama A&M,SWAC,,129,,"1,521",608,"4,020",0.227,"1,415",173,163,"1,777",239,70,327,108,"1,927.50",40
http://stats.ncaa.org/team/7/14242,Alabama St.,SWAC,,142,,"1,619",830,"4,437",0.178,"1,488",210,250,"1,791",271,90,356,44,"2,097.00",46
http://stats.ncaa.org/team/14/14242,Albany (NY),America East,,102,,"1,202",529,"3,566",0.189,"1,119",123,152,"1,648",122,51,314,42,"1,533.00",31
http://stats.ncaa.org/team/17/14242,Alcorn,SWAC,,110,,"1,119",643,"3,442",0.138,"1,028",218,248,"1,332",175,41,199,14,"1,477.50",76
http://stats.ncaa.org/team/23/14242,American,Patriot,,121,,"1,533",517,"4,054",0.251,"1,423",134,260,"1,807",153,63,498,50,"1,979.00",25
http://stats.ncaa.org/team/27/14242,App State,Sun Belt,,112,,"1,547",638,"4,187",0.217,"1,440",166,202,"1,743",95,71,260,47,"1,914.00",28
http://stats.ncaa.org/team/29/14242,Arizona,Pac-12,,125,,"1,733",665,"4,508",0.237,"1,584",131,254,"1,919",138,70,388,47,"2,128.00",9
http://stats.ncaa.org/team/28/14242,Arizona St.,Pac-12,,113,,"1,405",627,"4,048",0.192,"1,326",130,245,"1,826",128,94,241,36,"1,749.50",33
http://stats.ncaa.org/team/2678/14242,Ark.-Pine Bluff,SWAC,,99,,992,538,"3,388",0.134,917,137,213,"1,359",192,46,250,40,"1,300.00",17
http://stats.ncaa.org/team/31/14242,Arkansas,SEC,,103,,"1,344",554,"3,768",0.21,"1,269",127,226,"1,497",123,28,313,29,"1,655.50",24
http://stats.ncaa.org/team/30/14242,Arkansas St.,Sun Belt,,126,,"1,625",704,"4,448",0.207,"1,533",170,247,"1,814",138,83,345,39,"2,050.50",34
http://stats.ncaa.org/team/725/14242,Army West Point,Patriot,,119,,"1,563",733,"4,280",0.194,"1,457",126,243,"1,819",148,75,370,54,"1,949.00",23
http://stats.ncaa.org/team/37/14242,Auburn,SEC,,105,,"1,324",529,"3,563",0.223,"1,230",122,258,"1,362",108,46,328,40,"1,656.00",44
http://stats.ncaa.org/team/43/14242,Austin Peay,OVC,,121,,"1,671",613,"4,486",0.236,"1,563",154,186,"2,044",122,96,298,62,"2,070.00",18
http://stats.ncaa.org/team/47/14242,Ball St.,MAC,,120,,"1,576",564,"4,307",0.235,"1,438",150,175,"1,909",122,92,429,47,"2,032.50",25
http://stats.ncaa.org/team/51/14242,Baylor,Big 12,,118,,"1,642",648,"4,234",0.235,"1,551",126,206,"1,828",105,26,453,61,"2,020.50",57
http://stats.ncaa.org/team/14927/14242,Belmont,OVC,,103,,"1,130",640,"3,670",0.134,"1,035",109,311,"1,410",139,24,237,43,"1,381.50",24
http://stats.ncaa.org/team/61/14242,Bethune-Cookman,MEAC,,119,,"1,324",644,"4,056",0.168,"1,244",132,158,"1,903",158,61,453,59,"1,743.50",69
http://stats.ncaa.org/team/62/14242,Binghamton,America East,,92,,"1,028",539,"3,276",0.149,950,98,171,"1,316",141,28,239,21,"1,273.50",57
http://stats.ncaa.org/team/66/14242,Boise St.,Mountain West,,112,,"1,405",597,"3,886",0.208,"1,322",160,240,"1,561",148,36,540,65,"1,871.00",25
http://stats.ncaa.org/team/67/14242,Boston College,ACC,,112,,"1,452",621,"3,986",0.208,"1,355",122,161,"1,634",94,68,333,57,"1,808.50",39
http://stats.ncaa.org/team/71/14242,Bowling Green,MAC,,114,,"1,397",586,"4,586",0.177,"1,294",157,235,"2,228",126,59,359,35,"1,792.50",27
http://stats.ncaa.org/team/72/14242,Bradley,MVC,,127,,"1,745",680,"5,220",0.204,"1,629",172,220,"2,509",109,37,378,32,"2,143.00",55
http://stats.ncaa.org/team/80/14242,Brown,Ivy League,,99,,"1,220",487,"3,607",0.203,"1,133",121,163,"1,539",137,37,317,49,"1,536.50",66
http://stats.ncaa.org/team/81/14242,Bryant,NEC,,139,,"1,882",902,"5,228",0.187,"1,765",174,191,"2,291",147,37,353,43,"2,269.50",78
http://stats.ncaa.org/team/83/14242,Bucknell,Patriot,,99,,"1,101",511,"3,383",0.174,"1,028",118,207,"1,501",122,40,314,40,"1,416.00",48
http://stats.ncaa.org/team/86/14242,Buffalo,MAC,,113,,"1,509",606,"3,947",0.229,"1,399",147,219,"1,688",127,71,330,73,"1,892.00",36
http://stats.ncaa.org/team/87/14242,Butler,Big East,,105,,"1,233",571,"3,672",0.18,"1,141",119,219,"1,486",138,40,559,60,"1,671.50",38
http://stats.ncaa.org/team/77/14242,BYU,WCC,,107,,"1,521",468,"3,469",0.304,"1,436",150,180,"1,406",95,27,568,45,"1,982.00",16
http://stats.ncaa.org/team/90/14242,Cal Poly,Big West,,96,,"1,321",387,"3,224",0.29,"1,236",125,144,"1,420",84,54,362,21,"1,681.00",25
http://stats.ncaa.org/team/97/14242,Cal St. Fullerton,Big West,,100,,"1,105",569,"3,498",0.153,"1,039",115,145,"1,500",170,27,272,52,"1,383.00",56
http://stats.ncaa.org/team/107/14242,California,Pac-12,,117,,"1,538",576,"4,150",0.232,"1,441",145,245,"1,780",153,62,370,60,"1,930.00",63
http://stats.ncaa.org/team/30135/14242,California Baptist,WAC,,128,,"1,680",664,"4,847",0.21,"1,554",172,212,"2,074",143,37,427,54,"2,102.50",24
http://stats.ncaa.org/team/115/14242,Campbell,Big South,,95,,"1,074",590,"3,250",0.149,"1,012",137,168,"1,403",175,27,270,43,"1,373.00",17
http://stats.ncaa.org/team/116/14242,Canisius,MAAC,,104,,"1,410",482,"3,682",0.252,"1,281",163,217,"1,691",136,31,284,29,"1,746.00",25
http://stats.ncaa.org/team/1004/14242,Central Ark.,Southland,,121,,"1,621",620,"4,098",0.244,"1,519",167,235,"1,764",125,69,338,58,"2,026.00",25
http://stats.ncaa.org/team/127/14242,Central Conn. St.,NEC,,95,,"1,132",466,"3,414",0.195,"1,067",135,164,"1,434",121,50,400,56,"1,517.00",33
http://stats.ncaa.org/team/129/14242,Central Mich.,MAC,,106,,"1,319",665,"3,894",0.168,"1,259",103,201,"1,631",142,36,269,53,"1,592.50",20
http://stats.ncaa.org/team/48/14242,Charleston So.,Big South,,97,,"1,107",525,"3,612",0.161,"1,020",121,159,"1,683",123,40,294,20,"1,415.00",56
http://stats.ncaa.org/team/458/14242,Charlotte,C-USA,,124,,"1,523",535,"4,392",0.225,"1,428",131,219,"1,997",133,90,454,109,"1,971.00",27
http://stats.ncaa.org/team/693/14242,Chattanooga,SoCon,,108,,"1,239",567,"3,726",0.18,"1,157",163,265,"1,656",156,41,248,32,"1,567.00",81
http://stats.ncaa.org/team/136/14242,Chicago St.,WAC,,120,,"1,467",795,"4,690",0.143,"1,390",152,134,"2,024",111,56,343,73,"1,846.50",36
http://stats.ncaa.org/team/140/14242,Cincinnati,AAC,,133,,"1,860",629,"4,496",0.274,"1,750",185,269,"1,886",120,53,418,55,"2,307.00",63
http://stats.ncaa.org/team/147/14242,Clemson,ACC,,129,,"1,717",731,"4,247",0.232,"1,617",148,195,"1,593",146,57,404,63,"2,124.00",41
http://stats.ncaa.org/team/148/14242,Cleveland St.,Horizon,,114,,"1,415",601,"4,384",0.186,"1,339",100,172,"2,133",105,51,546,72,"1,839.00",14
http://stats.ncaa.org/team/149/14242,Coastal Carolina,Sun Belt,,93,,"1,153",499,"3,340",0.196,"1,092",104,211,"1,461",99,86,234,28,"1,460.00",27
http://stats.ncaa.org/team/1014/14242,Col. of Charleston,CAA,,135,,"1,913",685,"4,930",0.249,"1,807",141,151,"2,236",150,63,358,62,"2,296.00",28
http://stats.ncaa.org/team/153/14242,Colgate,Patriot,,103,,"1,287",519,"3,667",0.209,"1,187",129,168,"1,594",135,57,274,50,"1,610.00",31
http://stats.ncaa.org/team/157/14242,Colorado,Pac-12,,125,,"1,666",638,"4,296",0.239,"1,563",113,183,"1,788",153,49,556,77,"2,106.00",13
http://stats.ncaa.org/team/156/14242,Colorado St.,Mountain West,,112,,"1,518",575,"3,597",0.262,"1,415",182,282,"1,422",135,56,500,50,"2,006.00",18
http://stats.ncaa.org/team/158/14242,Columbia,Ivy League,,87,,"1,083",509,"3,107",0.185,"1,012",127,201,"1,288",110,34,258,42,"1,373.00",44
http://stats.ncaa.org/team/165/14242,Coppin St.,MEAC,,117,,"1,267",697,"3,595",0.159,"1,149",145,260,"1,401",218,51,295,68,"1,610.50",28
http://stats.ncaa.org/team/167/14242,Cornell,Ivy League,,93,,"1,199",527,"3,370",0.199,"1,129",113,202,"1,480",144,32,342,35,"1,515.00",35
http://stats.ncaa.org/team/169/14242,Creighton,Big East,,118,,"1,689",565,"4,264",0.264,"1,572",204,238,"1,923",105,53,455,65,"2,173.50",24
http://stats.ncaa.org/team/94/14242,CSU Bakersfield,WAC,,122,,"1,470",695,"4,344",0.178,"1,370",173,206,"1,819",155,19,457,63,"1,890.50",36
http://stats.ncaa.org/team/101/14242,CSUN,Big West,,108,,"1,310",589,"3,702",0.195,"1,222",128,216,"1,451",173,53,261,51,"1,621.50",56
http://stats.ncaa.org/team/172/14242,Dartmouth,Ivy League,,86,,"1,003",460,"3,053",0.178,946,100,149,"1,270",107,52,336,36,"1,323.00",29
http://stats.ncaa.org/team/173/14242,Davidson,Atlantic 10,,87,,"1,015",394,"3,011",0.206,958,118,155,"1,334",134,37,230,32,"1,285.00",44
http://stats.ncaa.org/team/175/14242,Dayton,Atlantic 10,,118,,"1,642",540,"4,049",0.272,"1,517",143,259,"1,646",138,32,473,65,"2,053.50",72
http://stats.ncaa.org/team/180/14242,Delaware,CAA,,107,,"1,369",613,"4,219",0.179,"1,286",141,181,"1,881",111,17,345,46,"1,699.50",47
http://stats.ncaa.org/team/178/14242,Delaware St.,MEAC,,99,,926,624,"3,016",0.1,825,150,207,"1,125",177,27,176,39,"1,191.00",19
http://stats.ncaa.org/team/183/14242,Denver,Summit League,,110,,"1,552",541,"3,753",0.269,"1,436",219,253,"1,537",100,23,444,35,"2,016.00",42
http://stats.ncaa.org/team/176/14242,DePaul,Big East,,98,,"1,174",628,"3,574",0.153,"1,116",80,123,"1,478",171,31,164,36,"1,367.00",49
http://stats.ncaa.org/team/189/14242,Drake,MVC,,125,,"1,628",709,"4,987",0.184,"1,529",132,201,"2,211",138,32,457,37,"2,020.50",24
http://stats.ncaa.org/team/193/14242,Duke,ACC,,108,,"1,453",536,"3,807",0.241,"1,374",115,237,"1,498",111,42,497,29,"1,858.50",49
http://stats.ncaa.org/team/194/14242,Duquesne,Atlantic 10,,102,,"1,219",565,"3,665",0.178,"1,160",130,167,"1,651",155,37,305,38,"1,538.50",24
http://stats.ncaa.org/team/196/14242,East Carolina,AAC,,104,,"1,288",581,"3,730",0.19,"1,184",117,144,"1,635",143,35,326,49,"1,603.00",38
http://stats.ncaa.org/team/201/14242,Eastern Ill.,OVC,,112,,"1,292",549,"4,288",0.173,"1,214",129,136,"1,949",138,25,386,42,"1,639.00",67
http://stats.ncaa.org/team/202/14242,Eastern Ky.,OVC,,104,,"1,152",646,"3,626",0.14,"1,059",79,140,"1,492",147,42,230,54,"1,388.00",46
http://stats.ncaa.org/team/204/14242,Eastern Mich.,MAC,,128,,"1,795",661,"4,864",0.233,"1,692",167,269,"2,303",144,55,396,40,"2,215.00",31
http://stats.ncaa.org/team/207/14242,Eastern Wash.,Big Sky,,105,,"1,124",585,"3,760",0.143,"1,028",127,148,"1,632",180,27,315,46,"1,435.50",47
http://stats.ncaa.org/team/1068/14242,Elon,CAA,,105,,"1,247",605,"3,861",0.166,"1,163",139,130,"1,645",126,47,290,33,"1,578.00",44
http://stats.ncaa.org/team/198/14242,ETSU,SoCon,,125,,"1,712",597,"4,529",0.246,"1,592",143,274,"1,978",122,69,450,84,"2,149.00",20
http://stats.ncaa.org/team/219/14242,Evansville,MVC,,121,,"1,471",745,"4,292",0.169,"1,411",156,277,"1,748",122,23,291,34,"1,795.50",27
http://stats.ncaa.org/team/220/14242,Fairfield,MAAC,,107,,"1,354",700,"3,911",0.167,"1,291",125,153,"1,752",151,45,293,38,"1,670.50",82
http://stats.ncaa.org/team/222/14242,Fairleigh Dickinson,NEC,,103,,955,572,"3,501",0.109,892,94,135,"1,499",187,39,321,43,"1,248.50",32
http://stats.ncaa.org/team/28755/14242,FGCU,ASUN,,120,,"1,623",528,"4,239",0.258,"1,526",138,217,"1,939",91,67,536,45,"2,096.00",31
http://stats.ncaa.org/team/231/14242,FIU,C-USA,,117,,"1,485",659,"4,160",0.199,"1,391",153,240,"1,684",121,48,392,51,"1,882.00",30
http://stats.ncaa.org/team/229/14242,Fla. Atlantic,C-USA,,99,,"1,517",525,"3,518",0.282,"1,440",168,228,"1,460",110,66,251,34,"1,876.50",10
http://stats.ncaa.org/team/235/14242,Florida,SEC,,123,,"1,560",560,"3,916",0.255,"1,432",180,254,"1,609",108,65,563,67,"2,086.50",41
http://stats.ncaa.org/team/228/14242,Florida A&M,MEAC,,103,,"1,171",543,"3,610",0.174,"1,076",118,139,"1,546",148,49,304,59,"1,490.00",44
http://stats.ncaa.org/team/234/14242,Florida St.,ACC,,109,,"1,485",483,"3,718",0.269,"1,387",107,162,"1,626",141,59,504,46,"1,903.00",37
http://stats.ncaa.org/team/236/14242,Fordham,Atlantic 10,,108,,"1,282",545,"3,809",0.193,"1,195",110,196,"1,668",149,21,427,50,"1,626.50",49
http://stats.ncaa.org/team/96/14242,Fresno St.,Mountain West,,130,,"1,686",661,"4,451",0.23,"1,595",171,241,"1,999",173,74,484,62,"2,173.00",20
http://stats.ncaa.org/team/244/14242,Furman,SoCon,,110,,"1,488",613,"4,326",0.202,"1,395",138,182,"2,038",119,56,299,51,"1,831.50",42
http://stats.ncaa.org/team/253/14242,Ga. Southern,Sun Belt,,119,,"1,338",702,"3,943",0.161,"1,248",148,196,"1,596",181,53,419,45,"1,748.50",40
http://stats.ncaa.org/team/1092/14242,Gardner-Webb,Big South,,111,,"1,158",676,"3,729",0.129,"1,077",132,230,"1,485",183,58,386,42,"1,541.00",41
http://stats.ncaa.org/team/248/14242,George Mason,Atlantic 10,,91,,"1,050",542,"3,245",0.157,993,130,121,"1,375",129,25,328,58,"1,369.00",58
http://stats.ncaa.org/team/249/14242,George Washington,Atlantic 10,,102,,"1,211",631,"3,810",0.152,"1,124",132,175,"1,625",156,27,324,48,"1,532.00",28
http://stats.ncaa.org/team/251/14242,Georgetown,Big East,,111,,"1,432",622,"3,954",0.205,"1,335",199,306,"1,602",138,45,264,32,"1,808.00",71
http://stats.ncaa.org/team/257/14242,Georgia,SEC,,115,,"1,515",640,"4,029",0.217,"1,437",170,283,"1,630",149,32,348,40,"1,891.00",24
http://stats.ncaa.org/team/254/14242,Georgia St.,Sun Belt,,95,,"1,121",577,"3,447",0.158,"1,049",103,186,"1,430",127,55,350,34,"1,454.00",30
http://stats.ncaa.org/team/255/14242,Georgia Tech,ACC,,125,,"1,619",634,"4,285",0.23,"1,515",147,185,"1,819",186,49,378,54,"2,004.00",37
http://stats.ncaa.org/team/260/14242,Gonzaga,WCC,,109,,"1,314",593,"3,807",0.189,"1,248",138,202,"1,545",123,58,362,55,"1,691.00",32
http://stats.ncaa.org/team/261/14242,Grambling,SWAC,,128,,"1,333",775,"4,204",0.133,"1,240",125,150,"1,730",203,68,355,37,"1,703.50",76
http://stats.ncaa.org/team/1104/14242,Grand Canyon,WAC,,107,,"1,242",581,"3,749",0.176,"1,185",148,191,"1,706",139,55,310,57,"1,600.00",43
http://stats.ncaa.org/team/794/14242,Green Bay,Horizon,,113,,"1,544",638,"4,465",0.203,"1,443",141,181,"2,053",113,34,405,40,"1,921.50",10
http://stats.ncaa.org/team/270/14242,Hampton,Big South,,103,,"1,212",631,"3,426",0.17,"1,119",167,257,"1,295",199,39,251,67,"1,543.50",53
http://stats.ncaa.org/team/272/14242,Hartford,America East,,86,,"1,064",399,"2,810",0.237,996,96,151,"1,126",125,43,290,40,"1,348.00",18
http://stats.ncaa.org/team/275/14242,Harvard,Ivy League,,90,,"1,034",537,"3,122",0.159,960,120,166,"1,332",115,61,318,37,"1,374.00",43
http://stats.ncaa.org/team/277/14242,Hawaii,Big West,,102,,"1,373",571,"3,799",0.211,"1,302",135,238,"1,649",76,36,320,39,"1,704.00",13
http://stats.ncaa.org/team/19651/14242,High Point,Big South,,104,,"1,401",570,"3,613",0.23,"1,333",163,215,"1,553",147,45,326,40,"1,772.00",14
http://stats.ncaa.org/team/283/14242,Hofstra,CAA,,127,,"1,769",628,"4,469",0.255,"1,652",214,264,"1,948",149,37,457,59,"2,248.50",46
http://stats.ncaa.org/team/285/14242,Holy Cross,Patriot,,107,,"1,163",679,"3,824",0.127,"1,083",166,205,"1,643",152,45,236,35,"1,492.00",42
http://stats.ncaa.org/team/288/14242,Houston,AAC,,126,,"1,612",766,"4,769",0.177,"1,502",179,238,"2,076",122,62,400,57,"2,053.00",54
http://stats.ncaa.org/team/287/14242,Houston Baptist,Southland,,127,,"1,650",732,"4,655",0.197,"1,523",202,250,"2,093",159,39,431,37,"2,106.50",66
http://stats.ncaa.org/team/290/14242,Howard,MEAC,,108,,"1,394",625,"3,797",0.203,"1,271",132,314,"1,582",122,35,252,36,"1,687.00",17
http://stats.ncaa.org/team/295/14242,Idaho,Big Sky,,123,,"1,652",516,"4,408",0.258,"1,553",142,266,"1,928",170,51,541,55,"2,115.50",45
http://stats.ncaa.org/team/294/14242,Idaho St.,Big Sky,,125,,"1,644",628,"4,393",0.231,"1,568",164,189,"1,888",178,55,448,62,"2,087.00",34
http://stats.ncaa.org/team/301/14242,Illinois,Big Ten,,132,,"1,870",609,"4,480",0.281,"1,767",216,311,"1,883",130,57,578,52,"2,432.00",19
http://stats.ncaa.org/team/299/14242,Illinois St.,MVC,,115,,"1,645",550,"4,373",0.25,"1,537",124,196,"2,036",105,43,407,47,"2,015.50",28
http://stats.ncaa.org/team/306/14242,Indiana,Big Ten,,120,,"1,544",629,"4,300",0.213,"1,440",122,193,"1,752",118,115,388,51,"1,975.00",33
http://stats.ncaa.org/team/305/14242,Indiana St.,MVC,,111,,"1,315",594,"4,080",0.177,"1,228",90,144,"1,853",128,45,363,53,"1,631.50",57
http://stats.ncaa.org/team/310/14242,Iona,MAAC,,102,,"1,436",597,"3,840",0.218,"1,363",157,283,"1,637",109,53,254,33,"1,773.00",37
http://stats.ncaa.org/team/312/14242,Iowa,Big Ten,,121,,"1,547",601,"4,211",0.225,"1,480",121,159,"1,857",139,56,406,50,"1,927.00",20
http://stats.ncaa.org/team/311/14242,Iowa St.,Big 12,,123,,"1,741",587,"4,562",0.253,"1,639",141,271,"2,044",134,54,559,61,"2,215.50",50
http://stats.ncaa.org/team/2699/14242,IUPUI,Horizon,,108,,"1,297",641,"4,402",0.149,"1,202",99,184,"2,018",148,37,382,41,"1,624.00",46
http://stats.ncaa.org/team/314/14242,Jackson St.,SWAC,,130,,"1,412",853,"4,193",0.133,"1,309",159,177,"1,657",202,92,270,55,"1,798.00",92
http://stats.ncaa.org/team/316/14242,Jacksonville,ASUN,,106,,"1,162",633,"3,512",0.151,"1,081",161,305,"1,263",154,55,222,39,"1,489.00",44
http://stats.ncaa.org/team/315/14242,Jacksonville St.,OVC,,124,,"1,627",738,"4,263",0.209,"1,540",155,210,"1,697",173,81,292,60,"2,009.00",30
http://stats.ncaa.org/team/317/14242,James Madison,CAA,,112,,"1,495",532,"4,169",0.231,"1,371",159,209,"1,834",98,38,526,54,"1,955.00",25
http://stats.ncaa.org/team/328/14242,Kansas,Big 12,,109,,"1,367",606,"3,568",0.213,"1,288",94,174,"1,483",130,46,531,44,"1,772.50",32
http://stats.ncaa.org/team/2707/14242,Kansas City,WAC,,123,,"1,646",650,"4,372",0.228,"1,544",144,203,"1,823",145,82,448,71,"2,096.00",20
http://stats.ncaa.org/team/327/14242,Kansas St.,Big 12,,98,,"1,305",454,"3,548",0.24,"1,221",126,194,"1,464",102,25,370,43,"1,641.00",38
http://stats.ncaa.org/team/1157/14242,Kennesaw St.,ASUN,,120,,"1,650",636,"4,059",0.25,"1,552",175,283,"1,661",113,64,452,31,"2,115.00",40
http://stats.ncaa.org/team/331/14242,Kent St.,MAC,,116,,"1,354",603,"4,269",0.176,"1,279",128,222,"2,020",141,84,240,40,"1,686.00",43
http://stats.ncaa.org/team/334/14242,Kentucky,SEC,,109,,"1,574",440,"3,770",0.301,"1,436",162,247,"1,608",84,34,382,52,"1,961.00",19
http://stats.ncaa.org/team/340/14242,La Salle,Atlantic 10,,107,,"1,452",549,"4,064",0.222,"1,370",156,231,"1,830",112,45,235,34,"1,770.50",33
http://stats.ncaa.org/team/342/14242,Lafayette,Patriot,,99,,"1,052",557,"3,342",0.148,981,123,240,"1,275",174,31,229,17,"1,320.50",8
http://stats.ncaa.org/team/346/14242,Lamar University,Southland,,99,,"1,101",573,"3,026",0.174,"1,023",127,251,"1,120",174,42,221,37,"1,380.50",76
http://stats.ncaa.org/team/352/14242,Lehigh,Patriot,,107,,"1,302",532,"3,781",0.204,"1,233",127,219,"1,587",126,110,306,48,"1,692.00",25
http://stats.ncaa.org/team/355/14242,Liberty,ASUN,,116,,"1,514",609,"3,882",0.233,"1,424",154,312,"1,559",167,69,415,59,"1,944.50",46
http://stats.ncaa.org/team/28600/14242,Lipscomb,ASUN,,108,,"1,498",595,"3,810",0.237,"1,409",144,262,"1,550",83,69,272,48,"1,847.00",25
http://stats.ncaa.org/team/32/14242,Little Rock,Sun Belt,,125,,"1,647",578,"4,433",0.241,"1,562",152,225,"1,970",126,92,460,58,"2,121.00",32
http://stats.ncaa.org/team/361/14242,LIU,NEC,,91,,"1,141",533,"3,358",0.181,"1,078",102,128,"1,522",112,54,325,47,"1,459.50",36
http://stats.ncaa.org/team/370/14242,LMU (CA),WCC,,112,,"1,612",620,"3,753",0.264,"1,539",195,372,"1,460",110,35,269,59,"1,976.50",18
http://stats.ncaa.org/team/99/14242,Long Beach St.,Big West,,114,,"1,473",559,"3,897",0.235,"1,372",146,246,"1,647",122,59,418,78,"1,887.00",78
http://stats.ncaa.org/team/671/14242,Louisiana,Sun Belt,,112,,"1,394",533,"4,036",0.213,"1,302",97,151,"1,776",115,84,315,53,"1,732.50",54
http://stats.ncaa.org/team/366/14242,Louisiana Tech,C-USA,,106,,"1,214",581,"3,830",0.165,"1,121",132,175,"1,637",155,56,274,32,"1,539.00",27
http://stats.ncaa.org/team/367/14242,Louisville,ACC,,116,,"1,629",635,"4,007",0.248,"1,531",163,299,"1,638",102,63,411,52,"2,060.50",13
http://stats.ncaa.org/team/371/14242,Loyola Chicago,MVC,,108,,"1,380",527,"3,808",0.224,"1,306",136,168,"1,636",153,46,427,33,"1,775.50",25
http://stats.ncaa.org/team/369/14242,Loyola Maryland,Patriot,,119,,"1,558",710,"4,533",0.187,"1,467",114,196,"2,125",124,45,459,51,"1,946.50",65
http://stats.ncaa.org/team/365/14242,LSU,SEC,,113,,"1,460",588,"4,044",0.216,"1,328",127,228,"1,734",134,67,361,69,"1,834.50",39
http://stats.ncaa.org/team/381/14242,Manhattan,MAAC,,112,,988,540,"3,344",0.134,906,195,283,"1,372",248,41,275,68,"1,361.50",53
http://stats.ncaa.org/team/386/14242,Marist,MAAC,,115,,"1,397",650,"3,922",0.19,"1,323",157,224,"1,678",198,43,367,37,"1,780.50",56
http://stats.ncaa.org/team/387/14242,Marquette,Big East,,115,,"1,691",536,"4,102",0.282,"1,581",211,220,"1,801",94,25,369,58,"2,111.50",24
http://stats.ncaa.org/team/388/14242,Marshall,C-USA,,108,,"1,329",616,"3,982",0.179,"1,224",121,216,"1,705",128,50,229,42,"1,614.50",30
http://stats.ncaa.org/team/392/14242,Maryland,Big Ten,,114,,"1,414",591,"3,987",0.206,"1,320",156,211,"1,664",141,62,414,54,"1,839.00",26
http://stats.ncaa.org/team/402/14242,McNeese,Southland,,114,,"1,319",542,"3,887",0.2,"1,234",122,263,"1,604",192,39,436,33,"1,698.00",59
http://stats.ncaa.org/team/404/14242,Memphis,AAC,,114,,"1,372",683,"3,972",0.173,"1,287",141,225,"1,665",159,39,347,92,"1,725.50",47
http://stats.ncaa.org/team/406/14242,Mercer,SoCon,,107,,"1,371",580,"3,656",0.216,"1,274",137,295,"1,579",151,54,292,88,"1,708.00",29
http://stats.ncaa.org/team/415/14242,Miami (FL),ACC,,94,,"1,203",459,"3,153",0.236,"1,121",143,203,"1,151",107,47,309,18,"1,547.50",34
http://stats.ncaa.org/team/414/14242,Miami (OH),MAC,,124,,"1,588",667,"4,565",0.202,"1,456",173,243,"2,088",137,65,376,37,"2,014.00",74
http://stats.ncaa.org/team/418/14242,Michigan,Big Ten,,122,,"1,646",648,"4,390",0.227,"1,555",159,224,"1,923",110,56,380,61,"2,051.00",31
http://stats.ncaa.org/team/416/14242,Michigan St.,Big Ten,,121,,"1,493",677,"3,905",0.209,"1,392",176,242,"1,435",169,87,465,71,"1,988.50",23
http://stats.ncaa.org/team/419/14242,Middle Tenn.,C-USA,,101,,"1,180",579,"3,428",0.175,"1,098",123,283,"1,359",155,36,205,62,"1,441.50",51
http://stats.ncaa.org/team/797/14242,Milwaukee,Horizon,,114,,"1,450",684,"4,508",0.17,"1,372",112,172,"1,963",148,21,344,37,"1,755.00",23
http://stats.ncaa.org/team/428/14242,Minnesota,Big Ten,,107,,"1,594",422,"3,927",0.298,"1,467",140,143,"1,791",93,48,433,55,"1,998.50",12
http://stats.ncaa.org/team/430/14242,Mississippi St.,SEC,,110,,"1,235",594,"3,639",0.176,"1,158",109,198,"1,534",186,85,269,28,"1,563.50",17
http://stats.ncaa.org/team/432/14242,Mississippi Val.,SWAC,,109,,953,746,"3,584",0.058,898,138,181,"1,581",178,20,140,51,"1,181.00",81
http://stats.ncaa.org/team/434/14242,Missouri,SEC,,119,,"1,606",565,"3,954",0.263,"1,484",169,232,"1,613",159,84,428,37,"2,073.00",39
http://stats.ncaa.org/team/669/14242,Missouri St.,MVC,,118,,"1,576",674,"4,446",0.203,"1,496",110,137,"2,014",108,35,453,58,"1,947.50",36
http://stats.ncaa.org/team/441/14242,Montana,Big Sky,,114,,"1,392",685,"4,061",0.174,"1,311",133,195,"1,761",177,43,350,47,"1,743.00",29
http://stats.ncaa.org/team/440/14242,Montana St.,Big Sky,,113,,"1,344",619,"4,051",0.179,"1,259",143,210,"1,758",133,32,358,69,"1,698.00",42
http://stats.ncaa.org/team/444/14242,Morehead St.,OVC,,113,,"1,497",622,"4,025",0.217,"1,406",151,213,"1,779",105,62,400,48,"1,910.00",65
http://stats.ncaa.org/team/446/14242,Morgan St.,MEAC,,102,,"1,237",512,"3,429",0.211,"1,134",168,269,"1,433",131,46,280,48,"1,591.00",38
http://stats.ncaa.org/team/454/14242,Murray St.,OVC,,116,,"1,542",646,"4,354",0.206,"1,457",127,181,"1,943",117,39,294,24,"1,855.00",31
http://stats.ncaa.org/team/488/14242,N.C. A&T,MEAC,,93,,"1,122",619,"3,104",0.162,"1,006",163,262,"1,208",132,46,220,31,"1,441.00",30
http://stats.ncaa.org/team/489/14242,N.C. Central,MEAC,,91,,936,538,"3,042",0.131,873,106,117,"1,369",128,54,288,42,"1,240.00",25
http://stats.ncaa.org/team/726/14242,Navy,Patriot,,118,,"1,493",653,"4,251",0.198,"1,414",174,217,"1,877",123,76,382,36,"1,934.00",37
http://stats.ncaa.org/team/490/14242,NC State,ACC,,110,,"1,451",654,"3,998",0.199,"1,362",102,249,"1,688",120,64,300,24,"1,767.00",35
http://stats.ncaa.org/team/463/14242,Nebraska,Big Ten,,133,,"1,772",582,"4,491",0.265,"1,651",215,285,"2,100",124,56,601,99,"2,343.50",14
http://stats.ncaa.org/team/466/14242,Nevada,Mountain West,,113,,"1,356",625,"4,012",0.182,"1,297",151,234,"1,748",167,27,307,51,"1,687.50",29
http://stats.ncaa.org/team/469/14242,New Hampshire,America East,,105,,"1,361",599,"4,009",0.19,"1,286",130,169,"1,765",134,40,274,37,"1,668.00",35
http://stats.ncaa.org/team/473/14242,New Mexico,Mountain West,,122,,"1,418",703,"4,082",0.175,"1,316",111,211,"1,564",138,58,432,56,"1,803.00",43
http://stats.ncaa.org/team/472/14242,New Mexico St.,WAC,,124,,"1,609",641,"4,310",0.225,"1,519",171,214,"1,849",161,40,498,54,"2,069.00",48
http://stats.ncaa.org/team/474/14242,New Orleans,Southland,,121,,"1,408",619,"4,073",0.194,"1,322",167,232,"1,712",160,45,478,48,"1,859.00",80
http://stats.ncaa.org/team/482/14242,Niagara,MAAC,,105,,"1,155",490,"3,656",0.182,"1,083",103,134,"1,537",184,28,344,29,"1,458.00",35
http://stats.ncaa.org/team/483/14242,Nicholls,Southland,,100,,"1,034",591,"3,396",0.13,964,135,242,"1,364",197,60,174,45,"1,316.00",49
http://stats.ncaa.org/team/471/14242,NJIT,ASUN,,115,,"1,158",814,"4,080",0.084,"1,088",135,195,"1,625",176,38,243,45,"1,452.50",58
http://stats.ncaa.org/team/485/14242,Norfolk St.,MEAC,,70,,679,397,"2,031",0.139,615,107,169,751,152,40,126,35,889,28
http://stats.ncaa.org/team/487/14242,North Ala.,ASUN,,90,,870,508,"3,101",0.117,814,102,145,"1,343",182,29,267,70,"1,134.50",24
http://stats.ncaa.org/team/457/14242,North Carolina,ACC,,96,,"1,161",569,"3,290",0.18,"1,089",90,205,"1,206",124,35,389,61,"1,480.50",17
http://stats.ncaa.org/team/494/14242,North Dakota,Summit League,,120,,"1,469",621,"4,431",0.191,"1,372",128,154,"2,024",143,59,365,59,"1,838.50",42
http://stats.ncaa.org/team/493/14242,North Dakota St.,Summit League,,111,,"1,246",684,"4,053",0.139,"1,146",143,127,"1,839",155,61,367,57,"1,633.50",25
http://stats.ncaa.org/team/2711/14242,North Florida,ASUN,,122,,"1,496",669,"4,256",0.194,"1,413",115,177,"1,699",170,46,388,49,"1,851.00",60
http://stats.ncaa.org/team/497/14242,North Texas,C-USA,,131,,"1,702",646,"4,568",0.231,"1,563",154,212,"1,877",159,60,423,55,"2,127.50",22
http://stats.ncaa.org/team/500/14242,Northeastern,CAA,,109,,"1,375",670,"4,007",0.176,"1,292",142,175,"1,698",129,29,314,46,"1,703.00",26
http://stats.ncaa.org/team/501/14242,Northern Ariz.,Big Sky,,132,,"1,737",501,"4,959",0.249,"1,651",202,265,"2,376",144,77,462,58,"2,247.00",27
http://stats.ncaa.org/team/502/14242,Northern Colo.,Big Sky,,111,,"1,470",627,"4,165",0.202,"1,392",166,202,"1,855",119,32,180,32,"1,758.00",23
http://stats.ncaa.org/team/503/14242,Northern Ill.,MAC,,122,,"1,430",642,"4,330",0.182,"1,333",142,198,"1,873",169,48,400,61,"1,820.00",30
http://stats.ncaa.org/team/505/14242,Northern Ky.,Horizon,,121,,"1,651",651,"4,995",0.2,"1,567",178,236,"2,399",115,45,403,42,"2,075.50",25
http://stats.ncaa.org/team/509/14242,Northwestern,Big Ten,,113,,"1,408",694,"3,851",0.185,"1,317",147,193,"1,514",166,43,393,42,"1,794.50",41
http://stats.ncaa.org/team/508/14242,Northwestern St.,Southland,,101,,"1,244",527,"3,585",0.2,"1,153",134,272,"1,561",92,40,341,45,"1,588.50",34
http://stats.ncaa.org/team/513/14242,Notre Dame,ACC,,106,,"1,341",522,"4,017",0.204,"1,252",145,264,"1,723",94,39,514,66,"1,782.00",23
http://stats.ncaa.org/team/514/14242,Oakland,Horizon,,108,,"1,313",645,"3,964",0.169,"1,240",104,171,"1,786",151,28,435,41,"1,662.50",26
http://stats.ncaa.org/team/519/14242,Ohio,MAC,,117,,"1,452",616,"4,208",0.199,"1,368",170,302,"1,743",137,65,380,41,"1,877.00",13
http://stats.ncaa.org/team/518/14242,Ohio St.,Big Ten,,122,,"1,503",673,"4,139",0.201,"1,419",173,274,"1,621",179,63,290,60,"1,884.00",18
http://stats.ncaa.org/team/522/14242,Oklahoma,Big 12,,108,,"1,414",566,"3,913",0.217,"1,324",104,227,"1,655",93,36,474,64,"1,791.00",10
http://stats.ncaa.org/team/433/14242,Ole Miss,SEC,,124,,"1,609",639,"4,348",0.223,"1,502",126,182,"1,863",154,113,294,41,"1,995.00",24
http://stats.ncaa.org/team/464/14242,Omaha,Summit League,,112,,"1,480",600,"3,976",0.221,"1,389",165,336,"1,576",151,47,369,37,"1,876.50",29
http://stats.ncaa.org/team/527/14242,Oral Roberts,Summit League,,114,,"1,390",627,"4,328",0.176,"1,308",86,143,"2,025",144,36,409,52,"1,716.50",23
http://stats.ncaa.org/team/529/14242,Oregon,Pac-12,,126,,"1,851",599,"4,712",0.266,"1,740",164,229,"2,057",138,59,486,65,"2,317.00",35
http://stats.ncaa.org/team/528/14242,Oregon St.,Pac-12,,121,,"1,507",759,"4,620",0.162,"1,425",135,203,"1,909",121,49,465,61,"1,923.50",24
http://stats.ncaa.org/team/534/14242,Pacific,WCC,,113,,"1,531",703,"3,956",0.209,"1,460",158,236,"1,595",130,34,285,38,"1,865.50",33
http://stats.ncaa.org/team/540/14242,Penn,Ivy League,,89,,"1,019",483,"2,959",0.181,955,95,196,"1,166",151,29,278,57,"1,282.00",44
http://stats.ncaa.org/team/539/14242,Penn St.,Big Ten,,118,,"1,641",547,"4,137",0.264,"1,531",155,239,"1,739",82,66,545,56,"2,134.50",16
http://stats.ncaa.org/team/541/14242,Pepperdine,WCC,,111,,"1,496",531,"3,856",0.25,"1,406",175,254,"1,588",107,27,393,27,"1,894.50",15
http://stats.ncaa.org/team/545/14242,Pittsburgh,ACC,,114,,"1,653",579,"3,688",0.291,"1,571",163,153,"1,511",85,51,518,55,"2,126.00",40
http://stats.ncaa.org/team/551/14242,Portland,WCC,,124,,"1,602",589,"4,201",0.241,"1,522",192,277,"1,773",154,37,427,47,"2,044.50",25
http://stats.ncaa.org/team/550/14242,Portland St.,Big Sky,,107,,"1,184",556,"3,790",0.166,"1,106",115,156,"1,582",205,39,310,38,"1,493.00",57
http://stats.ncaa.org/team/553/14242,Prairie View,SWAC,,111,,"1,182",754,"3,861",0.111,"1,085",101,140,"1,518",178,39,230,50,"1,437.00",50
http://stats.ncaa.org/team/1320/14242,Presbyterian,Big South,,112,,"1,273",611,"3,846",0.172,"1,188",174,232,"1,523",160,54,314,48,"1,658.00",63
http://stats.ncaa.org/team/554/14242,Princeton,Ivy League,,87,,"1,227",417,"3,161",0.256,"1,153",107,135,"1,450",77,29,258,32,"1,492.00",23
http://stats.ncaa.org/team/556/14242,Providence,Big East,,105,,"1,263",595,"3,561",0.188,"1,182",124,226,"1,474",175,37,287,35,"1,567.50",25
http://stats.ncaa.org/team/559/14242,Purdue,Big Ten,,130,,"1,727",615,"4,481",0.248,"1,615",171,257,"1,887",156,84,444,86,"2,204.00",28
http://stats.ncaa.org/team/308/14242,Purdue Fort Wayne,Summit League,,120,,"1,638",671,"4,548",0.213,"1,534",130,256,"1,962",104,39,372,42,"1,993.00",43
http://stats.ncaa.org/team/562/14242,Quinnipiac,MAAC,,112,,"1,351",675,"3,921",0.172,"1,267",146,190,"1,532",138,48,276,56,"1,683.00",40
http://stats.ncaa.org/team/563/14242,Radford,Big South,,106,,"1,406",593,"3,769",0.216,"1,314",179,192,"1,669",128,34,310,52,"1,774.00",22
http://stats.ncaa.org/team/572/14242,Rhode Island,Atlantic 10,,96,,"1,072",546,"3,284",0.16,"1,005",118,204,"1,370",148,30,310,33,"1,375.00",38
http://stats.ncaa.org/team/574/14242,Rice,C-USA,,118,,"1,727",574,"4,462",0.258,"1,621",144,204,"2,143",110,62,423,59,"2,144.50",23
http://stats.ncaa.org/team/576/14242,Rider,MAAC,,116,,"1,367",611,"4,083",0.185,"1,282",170,192,"1,872",147,70,378,59,"1,796.00",20
http://stats.ncaa.org/team/579/14242,Robert Morris,NEC,,116,,"1,348",605,"4,076",0.182,"1,251",171,261,"1,740",161,52,346,44,"1,744.00",47
http://stats.ncaa.org/team/587/14242,Rutgers,Big Ten,,114,,"1,310",680,"3,638",0.173,"1,245",139,258,"1,370",203,50,500,68,"1,749.00",30
http://stats.ncaa.org/team/102/14242,Sacramento St.,Big Sky,,120,,"1,486",620,"4,395",0.197,"1,382",201,256,"1,864",167,67,451,42,"1,979.50",27
http://stats.ncaa.org/team/590/14242,Sacred Heart,NEC,,99,,"1,300",612,"3,582",0.192,"1,201",147,246,"1,431",114,41,320,34,"1,648.00",16
http://stats.ncaa.org/team/600/14242,Saint Francis (PA),NEC,,101,,"1,190",630,"3,871",0.145,"1,112",102,161,"1,654",149,25,266,49,"1,450.00",37
http://stats.ncaa.org/team/609/14242,Saint Louis,Atlantic 10,,98,,"1,187",555,"3,364",0.188,"1,108",131,272,"1,462",186,29,250,52,"1,472.00",15
http://stats.ncaa.org/team/610/14242,Saint Mary's (CA),WCC,,114,,"1,445",522,"3,954",0.233,"1,359",186,251,"1,611",160,36,413,55,"1,873.50",48
http://stats.ncaa.org/team/617/14242,Saint Peter's,MAAC,,129,,"1,351",651,"4,426",0.158,"1,263",154,263,"1,902",208,49,290,56,"1,699.00",29
http://stats.ncaa.org/team/624/14242,Sam Houston,Southland,,108,,"1,361",578,"4,038",0.194,"1,254",123,165,"1,909",94,48,384,36,"1,724.00",42
http://stats.ncaa.org/team/625/14242,Samford,SoCon,,136,,"1,801",745,"5,088",0.208,"1,692",182,256,"2,232",157,57,374,62,"2,227.00",34
http://stats.ncaa.org/team/627/14242,San Diego,WCC,,112,,"1,532",645,"3,888",0.228,"1,425",98,173,"1,541",145,64,360,53,"1,874.00",15
http://stats.ncaa.org/team/626/14242,San Diego St.,Mountain West,,125,,"1,581",737,"4,084",0.207,"1,468",131,260,"1,609",150,39,502,66,"2,002.00",71
http://stats.ncaa.org/team/629/14242,San Francisco,WCC,,109,,"1,259",583,"3,841",0.176,"1,169",146,207,"1,510",171,39,394,61,"1,641.00",26
http://stats.ncaa.org/team/630/14242,San Jose St.,Mountain West,,103,,"1,354",621,"3,643",0.201,"1,248",172,232,"1,491",134,32,317,34,"1,716.50",48
http://stats.ncaa.org/team/631/14242,Santa Clara,WCC,,108,,"1,315",619,"3,741",0.186,"1,224",109,179,"1,615",180,31,367,44,"1,638.50",67
http://stats.ncaa.org/team/632/14242,Savannah St.,MEAC,,81,,710,504,"2,373",0.087,664,113,188,849,193,41,193,46,960.5,64
http://stats.ncaa.org/team/1356/14242,Seattle U,WAC,,112,,"1,373",643,"3,986",0.183,"1,293",159,203,"1,670",185,43,400,47,"1,775.00",20
http://stats.ncaa.org/team/635/14242,Seton Hall,Big East,,105,,"1,318",523,"3,657",0.217,"1,240",94,155,"1,579",149,22,281,44,"1,574.50",33
http://stats.ncaa.org/team/676/14242,SFA,Southland,,120,,"1,580",539,"4,353",0.239,"1,457",181,197,"1,970",121,43,555,34,"2,081.50",45
http://stats.ncaa.org/team/639/14242,Siena,MAAC,,114,,"1,105",622,"3,679",0.131,"1,019",130,220,"1,461",226,27,224,25,"1,374.00",82
http://stats.ncaa.org/team/660/14242,SIUE,OVC,,105,,"1,324",674,"4,045",0.161,"1,258",122,223,"1,826",128,37,292,35,"1,629.00",39
http://stats.ncaa.org/team/663/14242,SMU,AAC,,110,,"1,452",666,"4,297",0.183,"1,350",102,130,"1,953",108,28,391,41,"1,777.50",38
http://stats.ncaa.org/team/646/14242,South Alabama,Sun Belt,,115,,"1,417",621,"3,696",0.215,"1,289",147,198,"1,490",149,64,347,31,"1,801.50",42
http://stats.ncaa.org/team/648/14242,South Carolina,SEC,,112,,"1,411",541,"3,676",0.237,"1,291",173,314,"1,453",149,61,286,65,"1,788.00",31
http://stats.ncaa.org/team/647/14242,South Carolina St.,MEAC,,82,,676,520,"2,358",0.066,598,114,194,853,194,41,108,37,885,36
http://stats.ncaa.org/team/650/14242,South Dakota,Summit League,,111,,"1,498",557,"4,353",0.216,"1,384",170,188,"2,015",113,40,295,47,"1,855.50",33
http://stats.ncaa.org/team/649/14242,South Dakota St.,Summit League,,104,,"1,200",594,"3,655",0.166,"1,119",121,167,"1,454",161,44,326,50,"1,528.00",26
http://stats.ncaa.org/team/651/14242,South Fla.,AAC,,129,,"1,636",600,"4,596",0.225,"1,541",149,155,"2,097",169,57,469,59,"2,076.50",49
http://stats.ncaa.org/team/654/14242,Southeast Mo. St.,OVC,,112,,"1,385",579,"4,020",0.2,"1,293",151,223,"1,771",160,35,362,38,"1,752.00",16
http://stats.ncaa.org/team/655/14242,Southeastern La.,Southland,,101,,"1,066",599,"3,336",0.14,988,92,171,"1,283",173,49,222,35,"1,318.00",58
http://stats.ncaa.org/team/657/14242,Southern California,Pac-12,,125,,"1,743",611,"4,637",0.244,"1,618",175,268,"1,938",126,50,442,72,"2,189.00",26
http://stats.ncaa.org/team/659/14242,Southern Ill.,MVC,,106,,"1,100",599,"3,750",0.134,"1,038",102,165,"1,693",157,59,292,43,"1,407.00",33
http://stats.ncaa.org/team/664/14242,Southern Miss.,C-USA,,127,,"1,720",703,"4,314",0.236,"1,572",157,212,"1,770",158,100,407,43,"2,180.50",25
http://stats.ncaa.org/team/665/14242,Southern U.,SWAC,,111,,"1,215",641,"3,683",0.156,"1,117",157,205,"1,549",178,62,333,55,"1,600.50",39
http://stats.ncaa.org/team/667/14242,Southern Utah,Big Sky,,112,,"1,310",568,"4,035",0.184,"1,224",126,280,"1,678",186,29,356,37,"1,643.00",36
http://stats.ncaa.org/team/599/14242,St. Francis Brooklyn,NEC,,104,,"1,209",582,"3,514",0.178,"1,109",155,202,"1,503",198,27,281,53,"1,531.50",40
http://stats.ncaa.org/team/603/14242,St. John's (NY),Big East,,138,,"1,794",748,"4,884",0.214,"1,705",209,182,"2,078",176,35,475,81,"2,275.50",48
http://stats.ncaa.org/team/674/14242,Stanford,Pac-12,,121,,"1,791",530,"4,110",0.307,"1,693",169,314,"1,635",89,35,754,63,"2,372.00",7
http://stats.ncaa.org/team/678/14242,Stetson,ASUN,,107,,"1,241",466,"3,734",0.208,"1,149",119,133,"1,805",136,81,336,66,"1,609.00",34
http://stats.ncaa.org/team/683/14242,Stony Brook,America East,,106,,"1,403",483,"3,867",0.238,"1,304",130,164,"1,739",129,50,318,22,"1,742.00",24
http://stats.ncaa.org/team/688/14242,Syracuse,ACC,,108,,"1,390",493,"3,561",0.252,"1,317",109,201,"1,477",96,78,509,92,"1,831.50",39
http://stats.ncaa.org/team/698/14242,TCU,Big 12,,102,,"1,360",567,"3,653",0.217,"1,289",137,199,"1,586",91,28,349,78,"1,699.50",22
http://stats.ncaa.org/team/690/14242,Temple,AAC,,113,,"1,438",621,"4,328",0.189,"1,371",106,202,"1,890",129,39,324,44,"1,745.00",36
http://stats.ncaa.org/team/694/14242,Tennessee,SEC,,125,,"1,783",660,"4,514",0.249,"1,638",125,216,"1,896",102,49,462,43,"2,188.00",13
http://stats.ncaa.org/team/691/14242,Tennessee St.,OVC,,113,,"1,311",612,"4,057",0.172,"1,236",105,226,"1,778",144,47,407,77,"1,666.50",52
http://stats.ncaa.org/team/692/14242,Tennessee Tech,OVC,,118,,"1,404",737,"4,265",0.156,"1,323",157,229,"1,785",145,55,342,50,"1,787.00",46
http://stats.ncaa.org/team/703/14242,Texas,Big 12,,101,,"1,404",393,"3,261",0.31,"1,311",116,258,"1,333",100,29,458,63,"1,778.00",16
http://stats.ncaa.org/team/697/14242,Texas A&M,SEC,,123,,"1,654",673,"4,298",0.228,"1,541",179,324,"1,771",135,40,353,54,"2,049.50",31
http://stats.ncaa.org/team/699/14242,Texas Southern,SWAC,,121,,"1,310",746,"3,997",0.141,"1,217",148,219,"1,531",200,50,344,37,"1,680.00",57
http://stats.ncaa.org/team/670/14242,Texas St.,Sun Belt,,124,,"1,748",626,"4,269",0.263,"1,660",156,248,"1,899",126,55,449,54,"2,183.50",16
http://stats.ncaa.org/team/700/14242,Texas Tech,Big 12,,110,,"1,433",564,"3,856",0.225,"1,336",123,223,"1,586",127,40,432,37,"1,812.00",28
http://stats.ncaa.org/team/141/14242,The Citadel,SoCon,,113,,"1,263",653,"3,780",0.161,"1,155",141,254,"1,513",169,59,254,56,"1,590.00",44
http://stats.ncaa.org/team/709/14242,Toledo,MAC,,106,,"1,233",582,"3,913",0.166,"1,162",119,201,"1,786",126,69,265,34,"1,553.50",55
http://stats.ncaa.org/team/711/14242,Towson,CAA,,123,,"1,644",648,"4,413",0.226,"1,528",142,226,"1,945",159,46,477,41,"2,070.50",58
http://stats.ncaa.org/team/716/14242,Troy,Sun Belt,,116,,"1,437",720,"4,111",0.174,"1,363",162,275,"1,662",137,54,301,32,"1,803.50",17
http://stats.ncaa.org/team/718/14242,Tulane,AAC,,143,,"1,952",747,"5,155",0.234,"1,869",203,246,"2,305",144,37,626,74,"2,505.00",39
http://stats.ncaa.org/team/719/14242,Tulsa,AAC,,114,,"1,435",545,"4,409",0.202,"1,324",125,267,"2,000",131,71,328,58,"1,795.00",29
http://stats.ncaa.org/team/9/14242,UAB,C-USA,,100,,"1,271",566,"3,481",0.203,"1,190",141,200,"1,398",147,49,295,71,"1,608.50",19
http://stats.ncaa.org/team/108/14242,UC Davis,Big West,,107,,"1,408",583,"3,969",0.208,"1,314",143,175,"1,817",116,31,365,39,"1,764.50",31
http://stats.ncaa.org/team/109/14242,UC Irvine,Big West,,105,,"1,346",533,"3,747",0.217,"1,248",145,217,"1,634",149,41,351,39,"1,707.50",26
http://stats.ncaa.org/team/111/14242,UC Riverside,Big West,,110,,"1,349",674,"4,089",0.165,"1,271",98,177,"1,849",154,46,270,58,"1,627.00",18
http://stats.ncaa.org/team/104/14242,UC Santa Barbara,Big West,,112,,"1,520",566,"4,227",0.226,"1,435",178,293,"1,869",101,36,309,31,"1,888.50",33
http://stats.ncaa.org/team/128/14242,UCF,AAC,,117,,"1,623",549,"4,427",0.243,"1,545",110,136,"2,026",109,53,531,42,"2,051.50",62
http://stats.ncaa.org/team/110/14242,UCLA,Pac-12,,101,,"1,257",498,"3,761",0.202,"1,209",126,209,"1,789",143,60,328,34,"1,607.00",23
http://stats.ncaa.org/team/164/14242,UConn,AAC,,119,,"1,613",800,"4,472",0.182,"1,517",125,296,"1,824",123,45,318,68,"1,942.00",46
http://stats.ncaa.org/team/302/14242,UIC,Horizon,,118,,"1,610",709,"4,566",0.197,"1,515",162,167,"2,051",122,30,492,49,"2,048.00",31
http://stats.ncaa.org/team/2743/14242,UIW,Southland,,101,,"1,194",501,"3,495",0.198,"1,125",128,221,"1,519",146,26,277,23,"1,486.50",84
http://stats.ncaa.org/team/498/14242,ULM,Sun Belt,,104,,"1,129",542,"3,605",0.163,"1,054",116,132,"1,485",174,60,359,44,"1,484.50",39
http://stats.ncaa.org/team/368/14242,UMass Lowell,America East,,95,,"1,048",631,"3,312",0.126,985,109,172,"1,278",148,24,250,34,"1,306.00",73
http://stats.ncaa.org/team/391/14242,UMBC,America East,,106,,"1,296",630,"3,895",0.171,"1,206",126,195,"1,686",114,36,332,53,"1,624.00",23
http://stats.ncaa.org/team/393/14242,UMES,MEAC,,92,,968,414,"2,673",0.207,890,160,241,"1,032",183,49,246,49,"1,300.00",45
http://stats.ncaa.org/team/456/14242,UNC Asheville,Big South,,100,,"1,159",476,"3,451",0.198,"1,080",132,170,"1,480",126,72,258,14,"1,492.00",55
http://stats.ncaa.org/team/459/14242,UNC Greensboro,SoCon,,103,,"1,265",584,"3,822",0.178,"1,178",126,227,"1,709",142,23,278,38,"1,553.00",42
http://stats.ncaa.org/team/460/14242,UNCW,CAA,,104,,"1,220",471,"3,672",0.204,"1,127",151,199,"1,521",144,43,445,33,"1,636.50",19
http://stats.ncaa.org/team/504/14242,UNI,MVC,,126,,"1,890",711,"4,829",0.244,"1,784",119,183,"2,245",132,83,275,51,"2,229.50",26
http://stats.ncaa.org/team/465/14242,UNLV,Mountain West,,130,,"1,655",629,"4,369",0.235,"1,526",251,382,"1,827",174,51,370,56,"2,142.00",36
http://stats.ncaa.org/team/10411/14242,USC Upstate,Big South,,124,,"1,470",675,"4,518",0.176,"1,361",150,241,"1,881",177,93,384,59,"1,905.00",14
http://stats.ncaa.org/team/702/14242,UT Arlington,Sun Belt,,103,,"1,280",544,"3,757",0.196,"1,216",121,247,"1,652",109,39,315,33,"1,597.50",50
http://stats.ncaa.org/team/695/14242,UT Martin,OVC,,123,,"1,509",734,"4,568",0.17,"1,410",184,239,"1,931",142,63,347,104,"1,929.50",26
http://stats.ncaa.org/team/732/14242,Utah,Pac-12,,128,,"1,758",666,"4,528",0.241,"1,652",185,216,"1,882",136,43,492,56,"2,232.00",22
http://stats.ncaa.org/team/731/14242,Utah St.,Mountain West,,112,,"1,155",616,"3,658",0.147,"1,079",120,174,"1,446",157,23,485,59,"1,540.50",21
http://stats.ncaa.org/team/30024/14242,Utah Valley,WAC,,141,,"1,781",742,"5,093",0.204,"1,665",170,217,"2,136",210,37,700,46,"2,338.00",27
http://stats.ncaa.org/team/704/14242,UTEP,C-USA,,99,,"1,128",566,"3,522",0.16,"1,050",91,131,"1,442",117,41,290,44,"1,405.00",22
http://stats.ncaa.org/team/536/14242,UTRGV,WAC,,115,,"1,500",553,"4,259",0.222,"1,408",164,178,"1,999",122,33,410,41,"1,902.00",82
http://stats.ncaa.org/team/706/14242,UTSA,C-USA,,105,,"1,462",583,"3,955",0.222,"1,380",157,241,"1,665",108,48,282,48,"1,808.00",32
http://stats.ncaa.org/team/735/14242,Valparaiso,MVC,,146,,"1,938",751,"5,697",0.208,"1,805",145,209,"2,613",130,70,481,73,"2,393.50",23
http://stats.ncaa.org/team/740/14242,VCU,Atlantic 10,,105,,"1,253",510,"3,484",0.213,"1,168",155,209,"1,401",125,43,540,47,"1,721.00",29
http://stats.ncaa.org/team/739/14242,Villanova,Big East,,115,,"1,480",521,"4,441",0.216,"1,386",161,271,"1,998",180,37,352,38,"1,854.00",22
http://stats.ncaa.org/team/746/14242,Virginia,ACC,,107,,"1,305",628,"3,573",0.189,"1,226",133,221,"1,431",154,49,407,71,"1,690.50",35
http://stats.ncaa.org/team/742/14242,Virginia Tech,ACC,,108,,"1,368",630,"3,626",0.204,"1,278",141,191,"1,454",134,29,366,50,"1,721.00",25
http://stats.ncaa.org/team/749/14242,Wake Forest,ACC,,115,,"1,302",641,"3,655",0.181,"1,202",129,300,"1,318",187,73,332,68,"1,670.00",32
http://stats.ncaa.org/team/756/14242,Washington,Pac-12,,123,,"1,653",656,"4,330",0.23,"1,552",197,239,"1,712",157,61,489,68,"2,155.50",21
http://stats.ncaa.org/team/754/14242,Washington St.,Pac-12,,130,,"1,716",627,"4,635",0.235,"1,594",178,256,"2,013",132,62,561,48,"2,236.50",8
http://stats.ncaa.org/team/758/14242,Weber St.,Big Sky,,105,,"1,342",520,"3,707",0.222,"1,257",179,185,"1,620",130,36,449,77,"1,781.50",27
http://stats.ncaa.org/team/768/14242,West Virginia,Big 12,,112,,"1,313",661,"3,874",0.168,"1,220",102,252,"1,520",136,35,449,85,"1,674.50",16
http://stats.ncaa.org/team/769/14242,Western Caro.,SoCon,,105,,"1,226",522,"3,932",0.179,"1,123",127,155,"1,785",133,39,248,56,"1,516.00",24
http://stats.ncaa.org/team/771/14242,Western Ill.,Summit League,,109,,"1,123",585,"3,588",0.15,"1,041",139,256,"1,462",167,41,332,34,"1,469.00",39
http://stats.ncaa.org/team/772/14242,Western Ky.,C-USA,,117,,"1,487",596,"3,782",0.236,"1,403",175,279,"1,597",151,98,278,55,"1,899.00",41
http://stats.ncaa.org/team/774/14242,Western Mich.,MAC,,116,,"1,488",582,"4,133",0.219,"1,359",126,189,"1,867",152,71,320,50,"1,845.00",37
http://stats.ncaa.org/team/782/14242,Wichita St.,AAC,,127,,"1,666",684,"4,727",0.208,"1,574",137,226,"2,019",112,34,320,54,"1,997.00",32
http://stats.ncaa.org/team/786/14242,William & Mary,CAA,,89,,981,547,"2,976",0.146,923,117,164,"1,180",180,35,219,22,"1,242.50",22
http://stats.ncaa.org/team/792/14242,Winthrop,Big South,,112,,"1,470",671,"4,361",0.183,"1,355",168,192,"1,947",150,53,260,33,"1,821.00",21
http://stats.ncaa.org/team/796/14242,Wisconsin,Big Ten,,117,,"1,656",486,"4,096",0.286,"1,579",147,225,"1,783",119,35,560,37,"2,118.00",22
http://stats.ncaa.org/team/2915/14242,Wofford,SoCon,,111,,"1,386",657,"4,000",0.182,"1,287",149,282,"1,708",167,34,364,79,"1,751.00",28
http://stats.ncaa.org/team/810/14242,Wright St.,Horizon,,114,,"1,387",669,"4,332",0.166,"1,289",158,216,"1,979",132,47,429,55,"1,806.50",19
http://stats.ncaa.org/team/811/14242,Wyoming,Mountain West,,119,,"1,514",540,"4,001",0.243,"1,387",100,228,"1,663",125,51,579,48,"1,954.50",40
http://stats.ncaa.org/team/812/14242,Xavier,Big East,,105,,"1,282",593,"3,743",0.184,"1,224",108,145,"1,563",142,46,372,62,"1,622.00",16
http://stats.ncaa.org/team/813/14242,Yale,Ivy League,,81,,"1,107",452,"3,046",0.215,"1,044",121,140,"1,326",52,46,315,26,"1,431.50",23
http://stats.ncaa.org/team/817/14242,Youngstown St.,Horizon,,104,,"1,223",670,"4,114",0.134,"1,148",113,147,"1,841",142,43,289,55,"1,523.50",42